CASE #,Officer Rank,Officer Age,Officer Race,Officer Sex,Primary/Assisting Officer,Date,Subject Age,Subject Race,Subject Sex,Offense,Arrested,Officer Injured,Subject  Injured,Force Utilized,Mental Health,Suspected Drug/Alcohol Use,Weapon,Level of Resistance,Reason for Use of Force,Disposition,Unnamed: 21
15RL00327,Officer,32,White,M,,2015-01-11,23,Black,M,Suspicious Activity,,,,Firearm/display ,No,,,,Officer  Safety,,
15RL00327,Officer,29,White,F,,2015-01-11,23,Black,M,Suspicious Activity,,,,Firearm/display ,No,,,,Officer  Safety,,
15RL00327,Officer,24,White,M,,2015-01-11,23,Black,M,Suspicious Activity,,,,Firearm/display ,No,,,,Officer  Safety,,
15RL00497,Corporal,32,White,M,,2015-01-17,32,White,M,DC/Simple Assault,Assault/Disorderly conduct,,,Taser display,No,,,Active Resistance/Assaultive,To Effect Arrest/Officer safety,,
15RL00497,Officer,39,White,M,,2015-01-17,32,White,M,DC/Simple Assault,Assault/Disorderly conduct,,,Empty Hand controls ,No,,,Active Resistance/Assaultive,To Effect Arrest/Officer safety,,
15RL00497,Officer,31,Hispanic,M,,2015-01-17,32,White,M,DC/Simple Assault,Assault/Disordelry conduct ,,,Empty Hand controls,No,,,Active Resistance/Assaultive,To Effect Arrest/Officer safety,,
15RL00497,Sergeant,38,White,M,,2015-01-17,32,White,M,DC/Simple Assault,Assault/Disorderly Conduct,,,Empty Hand controls,No,,,Active Resistance/Assaultive,To Effect Arrest/Officer safety,,
15RL00727,Officer,28,White,M,,2015-01-23,51,White,F ,Dis conduct,Disorderly Conduct ,,Yes/minor,OC Spray,no,,,Active Resistance/Assaultive,To Effect Arrest,,
15RL00727,Officer,26,White,M,,2015-01-23,51,White,F ,Dis conduct,Disordely Conduct ,,Yes/minor,Empty Hand Controls ,no,,,Active Resistance/Assaultive,To Effect Arrest ,,
15RL01311,Officer,41,White,M,,2015-02-12,31,White,M,Threatening ,Disorderly Conduct/Attmpted Assault on a Police Officer,,,Taser Display/Empty Hand Controls,Yes,,Knife,Active Resistance ,To Effect Felony Arrest/Defend Self/Other Officer,,
15RL01311,Officer,28,White,M,,2015-02-12,31,White,M,Threatening ,Disorderly Conduct/Attmpted Assault on a Police Officer,,,Taser Display/Empty Hand Controls,Yes,,Knife,Active Resistance ,To Effect Felony Arrest/Defend Self/other Officer,,
15RL01479,Officer,31,White,M,,2015-02-18,15,White,M,Family Fight,,,Self-inflicted,Taser display,Yes,,broken glass,Psychological Intimidation,Restrain for Subject's Safety/Officer Safety,,
15RL01479,Officer,28,White,F,,2015-02-18,15,White,M,Family Fight,,,Self-inflicted,Firearm display ,Yes,,broken glass,Psychological Intimidation,Restrain for Subject's Safety/Officer Safety,,
15RL01663,Officer,27,Asian,M,,2015-02-24,26,White,M,Stolen vehicle,Operation w/out Owner's Consent/Grand Larceny,,,Firearm display,no,,,,To Effect Arrest/Offcier Safety,,
15RL01663,Corporal,49,White,M,,2015-02-24,26,White,M,Stolen vehicle,Operation w/out Owner's Consent/Grand Larceny,,,Firearm display,no,,,,To Effect Arrest/Offcier Safety,,
15RL01663,Officer,25,White,M,,2015-02-24,26,White,M,Stolen vehicle,Operation w/out Owner's Consent/Grand Larceny,,,Firearm display,no,,,,To Effect Arrest/Offcier Safety,,
15RL01813,Officer,34,White,M,,2015-03-01,37,Black,M,Disorderly Conduct ,Disorderly Conduct/Drug Possession,,,Empty Hand Controls,No,,,Passive/Active Resistance,To Effect Arrest/Officer Safety,,
15RL01813,Officer,26,White,M,,2015-03-01,37,Black,M,Disorderly Conduct ,Disorderly Conduct/Drug Possession,,,Empty Hand Controls ,No,,,Passive/Active Resistance,To Effect Arrest/Offcier Safety,,
15RL02303,Officer,28,White,M,,2015-03-17,43,Black,M,DUI/Attempt LSA,DUI,Yes/minor,,Firearm display,No,,,Active Resistance,Officer Safety/Investigative Detention/Defend self ,,
15RL02384,Officer,25,White,M,,2015-03-21,26,White,M,Simple assualt,Simple Assault,,,Empty hand controls,No,,,Active Resistance,To Effect Arrest,,
15RL03910,Officer,39,White,M,,2015-05-02,26,White,M,Assault,Assault on Medical Personnel/Assault on Police Offcier/Disorderly Conduct,,,Taser display/empty hand controls,No,,,Assaultive,To Defend Another/Defend Self/Restrain for Subject's Safety/To effect Arrest ,,
15RL04291,Officer,28,White,F,,2015-05-12,61,White,M,Suepcted retail theft ,,,,Empty hand controls,No,,,Passive/Active Resistance,Investigative Detention ,,
15RL04507,Corporal,44,White,M,,2015-05-18,42,White,F ,Retial theft,Retail Theft/Resisting Arrest/Assault on a Police Officer,Yes/minor ,,Empty hand controls,no,,,Assaultive,To Effect Arrest/Defend Self/Officer Safety ,,
15RL04507,Officer,28,White,M,,2015-05-18,42,White,F ,Retail Theft,Retail Theft/Resisting Arrest/Assault on a Police Officer,,,Empty Hand Controls,No,,,Assaultive,To Effect Arrest/Defend Other,,
15RL04510,Corporal,49,White,M,,2015-05-17,33,White,M,Larceny ,Larceny/Resisting Arrest/Violation of Conditions of Release,Yes/shoulder-knee,,taclked while fleeing/arm bar,no,,,Active Resistance,To Effect Arrest/Fleeing Arrest,,
15RL04527,Officer,34,White,M,,2015-05-18,20,White,M,Domestic Assault,Aggravated Domestic Assault,,,Firearm Display,No,,,Active Resistance,To Effect Arrest/Defend Self/Defend Another,,
15RL04527,Officer,32,White,M,,2015-05-18,20,White,M,Domestic Assault,Aggravated Domestic Assault,,,Taser Display,No,,,Active Resistance,To Effect Arrest/Defend Self,,
15RL04558,Officer,25,White,M,,2015-05-18,29,White,F ,Family Fight,Disorderly Conduct/Assaulting a Police Officer,Yes,Yes-minor,Empty hand controls,no,,,Active Resistance/Assaultive,To Effect Arrest/Defend Self and Another Person/Offcier Safety,,
15RL05045,Officer,32,White,M,,2015-05-31,41,White,F ,DUI/Attempting to Elude,DLS/DUI,,,Empty hand controls/firearm display,No,,,Active Resistance,To Effect Arrest/Fleeing Arrest,,
15RL05045,Officer,32,Hispanic,M,,2015-05-31,41,White,F ,DUI/Attempting to Elude,DLS/DUI,,,Empty hand controls/firearm display,No,,,Active Resistance,To Effect Arrest/Fleeing Arrest,,
15RL05045,Officer,25,White,M,,2015-05-31,41,White,F ,DUI/Attempting to Elude,DLS/DUI,,,Empty hand controls/firearm display,No,,,Active Resistance,To Effect Arrest/Fleeing Arrest,,
15RL05045,Officer,25,White,M,,2015-05-31,41,White,F ,DUI/Attempting to Elude,DLS/DUI,,,Empty hand controls/firearm display,No,,,Active Resistance,To Effect Arrest/Fleeing Arrest,,
15RL05746,Officer,25,White,M,,2015-06-18,52,White,M,Tresspassing ,Tresspassing/Resisting Arrest,,,Empty Hand Controls,No,,,Passive Resistance,To Effect Arrest,,
15RL05746,Officer,39,White,M,,2015-06-18,52,White,M,Tresspassing ,Tresspassing/Resisting Arrest,,,Personal Impact/Stirke,No,,,Passive Resistance,To Effect Arrest,,
15RL05984,Officer,25,White,M,,2015-06-24,51,White,M,Threatening ,Protective Custody/Intoxication,,,Empty Hand Controls,No,,,Active Resistance,Restrain for Subject's Safety/Officer Safety,,
15RL05984,Officer,25,White,M,,2015-06-24,51,White,M,Threatening ,Protective Custody/Intoxication,,,Empty Hand Controls,No,,,Active Resistance,Restrain for Subject's Safety/Officer Safety,,
15RL05154,Corporal,49,White,M,,2015-06-03,42,White,F,Disorderly Conduct ,Disorderly Conduct,,,Empty Hand Controls,,,,Active Resistance,To Effect Misdemeanor Arrest,,
15RL05154,Officer,25,White,M,,2015-06-03,42,White,F,Disorderly Conduct,Disorderly Conduct ,,,Empty Hand Controls,,,,Active Resistance ,To Effect Misdemeanor Arrest,,
15RL06407,Officer,25,White ,M,,2015-07-30,50,White ,M,Assault in Progress,Disorderly Conduct,,,OC Spray,,,,Active Resistance,To Defend Self and Other Officer,,
15RL06805,Sergeant,38,White,M,,2015-07-13,24,White,M,Wanted Person ,Arrest on Warrant,,,Firearms Display,,,,Subject Hiding to Avoid Arrest/Known to Have Weapons and Threaten Law Enforcement ,To Effect Arrest ,,
15RL06805,Officer ,32,White,M,,2015-07-13,24,White,M,Wanted Person ,Arrest on Warrant,,,Firearms Display,,,,Subject Hiding to Avoid Arrest/Known to Have Weapons and Threaten Law Enforcement ,To Effect Arrest ,,
15RL07303,Officer,28,White ,M,,2015-07-24,24,White,F,Welfare Check/Intoxicated Person ,Protective Custody/Intoxication ,,Yes/Minor-Shoulder pain ,Empty Hand Controls/Strong Arm Escort,,,,Passive and Active Resistance,To Effect Arrest/Restrain for Subject's Safety,,
15RL07716,Officer,28,White,M,,2015-08-01,50,White,M,Welfare Check/Intoxicated Person ,Protective Custody/Intoxication/Disorderly Conduct,,Yes/Minor-Shoulder pain ,Empty HandControls/Leg Sweep,,,,Passive and Active Resistance,To Effect Arrest/Restrain for Subject's Safety,,
15RL07716,Officer,25,White,M,,2015-08-01,50,White,M,Welfare Check/Intoxicated Person ,Protective Custody/Intoxication/Disorderly Conduct,,Yes/Minor-Shoulder pain ,Empty Hand Controls,,,,Passive and Active Resistance,To Effect Arrest/Restrain for Subject's Safety,,
15RL08610,Officer,28,White,M,,2015-08-21,26,White,M,Wanted Person ,Arrest on Warrant,,,Taser Display,,,,Passive and Active Resistance/Attempted to Flee,To Effect Arrest/Officer Safety ,,
15RL08610,Officer,27,White,M,,2015-08-21,26,White,M,Wanted Person ,Arrest on Warrant,,,Firearms Display,,,,Passive and Active Resistance/Attempted to Flee,To Effect Arrest/Officer Safety ,,
15RL08702,Sergeant ,38,White,M,,2015-08-23,26,White,F,Assault and Robbery,Search Warrant Execution/Arrest for Aiding in Burglary and Assault and Robbery,,,Firearms Display,,,,Passive Resistance/Search Warrant Execution ,To Effect Arrest/Officer Safety ,,
15RL08702,Officer,27,White,M,,2015-08-23,26,White,F,Assault and Robbery,Search Warrant Execution/Arrest for Aiding in Burglary and Assault and Robbery,,,Firearms Display,,,,Passive Resistance/Search Warrant Execution ,To Effect Arrest/Officer Safety ,,
15RL08702,Officer,25,White,M,,2015-08-23,26,White,F,Assault and Robbery,Search Warrant Execution/Arrest for Aiding in Burglary and Assault and Robbery,,,Firearms Display,,,,Passive Resistance/Search Warrant Execution ,To Effect Arrest/Officer Safety ,,
15RL08702,Corporal,45,White,M,,2015-08-23,26,White,F,Assault and Robbery,Search Warrant Execution/Arrest for Aiding in Burglary and Assault and Robbery,,,Firearms Display,,,,Passive Resistance/Search Warrant Execution ,To Effect Arrest/Officer Safety ,,
15RL08702,Corporal,51,White,M,,2015-08-23,26,White,F,Assault and Robbery,Search Warrant Execution/Arrest for Aiding in Burglary and Assault and Robbery,,,Firearms Display,,,,Passive Resistance/Search Warrant Execution ,To Effect Arrest/Officer Safety ,,
15RL08702,Sergeant,38,White,M,,2015-08-23,26,White,M,Assault and Robbery,Search Warrant Execution/Arrest for Aiding in Burglary and Assault and Robbery,,,Firearms Display,,,,Passive Resistance/Search Warrant Execution ,To Effect Arrest/Officer Safety ,,
15RL08702,Corporal,51,White,M,,2015-08-23,26,White,M,Assault and Robbery,Search Warrant Execution/Arrest for Aiding in Burglary and Assault and Robbery,,,Firearms Display,,,,Passive Resistance/Search Warrant Execution ,To Effect Arrest/Officer Safety ,,
15RL09069,Commander,59,White,M,,2015-08-31,49,White,F,House Fire ,Disorderly Conduct/Resisting Arrest ,,,Empty Hand Controls/Wrist lock-Leg Sweep,,,,Active Resistance/Interfering w/ Arrest of Another,To Effect Arrest/Defend Another Officer,,
15RL09069,Officer,36,White,M,,2015-08-31,21,White,M,House Fire ,Disorderly Conduct/Resisting Arrest ,,,Empty Hand Controls/Leg Sweep,,,,Active Resistance/Assaultive-Attempted to Strike Officer,To Effect Arrest/Defend Self/Restrain for Subject's Safety,,
15RL09188,Officer,49,White,M,,2015-09-03,15,White,M,Possession of Weapon on School Property ,Assault on a LE Officer/Disorderly Conduct/Possession of Weapon at School,Yes-Minor,,Empty Hand Controls ,,,,Active Resistance/Assaultive ,To Effect Arrest/Defend Self and Another Person ,,
15RL09188,Officer,49,White,M,,2015-09-03,15,White,M,Possession of Weapon on School Property ,Assault on a LE Officer/Disorderly Conduct/Possession of Weapon at School,,,Empty Hand Controls ,,,,Active Resistance/Assaultive ,To Effect Arrest,,
15RL09188,Officer,27,Asian ,M,,2015-09-03,15,White,M,Possession of Weapon on School Property ,Assault on a LE Officer/Disorderly Conduct/Possession of Weapon at School,,,Empty Hand Controls ,,,,Active Resistance/Assaultive ,To Effect Arrest,,
15RL09346,Officer,25,White,M,,2015-09-06,42,White,F,Shots Fired Inside Residence ,N/A-Investigation Revealed Weapon was a Pellett Gun ,,,Firearms Display,,,,Passive Resistance ,Investigative Detention/Officer Safety,,
15RL09346,Officer,32,White,M,,2015-09-06,42,White,F,Shots Fired Inside Residence ,N/A-Investigation Revealed Weapon was a Pellett Gun ,,,Firearms Display,,,,Passive Resistance ,Investigative Detention/Officer Safety,,
15RL09346,Officer,25,White,M,,2015-09-06,42,White,F,Shots Fired Inside Residence ,N/A-Investigation Revealed Weapon was a Pellett Gun ,,,Firearms Display,,,,Passive Resistance ,Investigative Detention/Officer Safety,,
15RL09346,Officer,32,Hispanic,M,,2015-09-06,42,White,F,Shots Fired Inside Residence ,N/A-Investigation Revealed Weapon was a Pellett Gun ,,,Firearms Display,,,,Passive Resistance ,Investigative Detention/Officer Safety,,
15RL09346,Officer,28,White,M,,2015-09-06,42,White,F,Shots Fired Inside Residence ,N/A-Investigation Revealed Weapon was a Pellett Gun ,,,Firearms Display,,,,Passive Resistance,Investigative Detention/Officer Safety,,
15RL09346,Corporal,45,White,M,,2015-09-06,42,White,F,Shots Fired Inside Residence ,N/A-Investigation Revealed Weapon was a Pellett Gun ,,,Firearms Display,,,,Passive Resiistance ,Investigative Detention/Officer Safety,,
15RL09472,Corporal,49,White,M,,2015-09-09,23,White,M,Disorderly Conduct/In Roadway Blocking Traffic,Disorderly Conduct/Mental Health Evaluation ,Yes-Minor,Yes-Minor Abrasion ,Empty Hand Controls,Yes,,,Active Resistance,To Effect Arrest/Restrain for Safety/Mental Illness,,
15RL09472,Officer,25,White,M,,2015-09-09,23,White,M,Disorderly Conduct/In Roadway Blocking Traffic,Disorderly Conduct/Mental Health Evaluation ,,Yes-Minor Abrasion ,Empty Hand Controls,Yes,,,Active Resistance/Attempted to Place Officer in Headlock,To Effect Arrest/Restrain for Safety/Mental Illness,,
15RL09535,Sergeant,48,White ,M,,2015-09-11,26,White,M,Intoxicated Person in Roadway ,Protective Custody ,,,Taser Display,,,,Active Resistance/Assaultive,To Restrain for Subject's Safety/Officer Safety,,
15RL09647,Officer,30,White,F,,2015-09-13,39,White,F ,Domestic Assault ,Agg. Domestic Assault/Assault on Police Officer and Medical Personnel/Resisting Arrest,,Multiple Abrasions/Bloody Nose/Cut Lip,Empty Hand Controls,,,,Active Resistance/ Assaultive-Kicking and Spitting @ Officers/Refusing to Enter Cruiser,To Effect Arrest/Defend Self and Another Officer ,,
15RL09647,Officer,36,White,M,,2015-09-13,39,White,F ,Domestic Assault ,Agg. Domestic Assault/Assault on Police Officer and Medical Personnel/Resisting Arrest,,Multiple Abrasions/Bloody Nose/Cut Lip,Empty Hand Controls,,,,Active Resistance/ Assaultive-Kicking and Spitting @ Officers/Refusing to Enter Cruiser,To Effect Arrest/Defend Self and Another Officer ,,
15RL09647,Officer,26,White,M,,2015-09-13,39,White,F ,Domestic Assault ,Agg. Domestic Assault/Assault on Police Officer and Medical Personnel/Resisting Arrest,,Multiple Abrasions/Bloody Nose/Cut Lip,Empty Hand Controls,,,,Active Resistance/ Assaultive-Kicking and Spitting @ Officers/Refusing to Enter Cruiser,To Effect Arrest/Defend Self and Another Officer ,,
15RL09647,Sergeant,58,White,M,,2015-09-13,39,White,F ,Domestic Assault ,Agg. Domestic Assault/Assault on Police Officer and Medical Personnel/Resisting Arrest,,Multiple Abrasions/Bloody Nose/Cut Lip,Empty Hand Controls,,,,Active Resistance/ Assaultive-Kicking and Spitting @ Officers/Refusing to Enter Cruiser,To Effect Arrest/Defend Self and Another Officer ,,
15RL09647,Officer,27,Asian,M,,2015-09-13,39,White,F ,Domestic Assault ,Agg. Domestic Assault/Assault on Police Officer and Medical Personnel/Resisting Arrest,Minor-Abrasion ,Multiple Abrasions/Bloody Nose/Cut Lip,Empty Hand Controls ,,,,Active Resistance/ Assaultive-Kicking and Spitting @ Officers/Refusing to Enter Cruiser,To Effect Arrest/Defend Self and Another Officer ,,
15RL11403,Officer,25,White ,M,,2015-11-01,30,White,M,Leaving the Scene of an Accident ,Leaving the Scene of an Accident ,,Yes-MinorCut on Cheek ,Firearms Display/Empty Hand Controls,,,,Non-Verbal Compliance,To Effect Arrest,,
15RL11403,Officer,23,White ,M,,2015-11-01,30,White,M,Leaving the Scene of an Accident ,Leaving the Scene of an Accident ,,Yes-MinorCut on Cheek ,Firearms Display/Empty Hand Controls,,,,Non-Verbal Compliance,To Effect Arrest,,
15RL11869,Officer,29,White ,M,,2015-11-14,25,White,F,Driving Under the Influence,DUI/Resisting Arrest,,,Empty Hand Controls/Arm Bar-Leg Sweep,,,,Passive/Active Resistance,To Effect Arrest,,
15RL12563,Sergeant ,59,White ,M,,2015-12-06,29,White,M,Break In-Theft from Motor Vehicle,Unlawful Mischief/Mental Health Evaluation ,,,Empty Hand Controls,,,,Active Resistance,To Effect Investigative Detention/Officer Safety,,
15RL12563,Officer,37,White ,M,,2015-12-06,29,White,M,Break In-Theft from Motor Vehicle,Unlawful Mischief/Mental Health Evaluation ,,,Empty Hand Controls,,,,Active Resistance,To Effect Investigative Detention/Officer Safety,,
15RL12632,Sergeant ,39,White ,M,,2015-12-08,29,White,M,Suicidal Subject,Protective Custody/Mental Health Evaluation,,,Empty Hand Controls/Non-Compliant Handcuffing,Yes,,,Active Resistance,To Restrain for Subject's Safety/Officer Safety,,
15RL12632,Corporal,42,White ,M,,2015-12-08,29,White,M,Suicidal Subject,Protective Custody/Mental Health Evaluation,,,Empty Hand Controls/Non-Compliant Handcuffing,Yes,,,Active Resistance,To Restrain for Subject's Safety/Officer Safety,,
15RL12640,Corporal,28,Asian ,M,,2015-12-08,35,Black,M,Family Fight/Disorderly Conduct,Violation of Abuse Prevention Order/ Disorderly Conduct,,Yes-Minor,Taser Display/Empty Hand Controls,,,,Active Resistance/Assaultive,To Effect Arrest,,
15RL12640,Officer,25,White ,M,,2015-12-08,35,Black,M,Family Fight/Disorderly Conduct,Violation of Abuse Prevention Order/ Disorderly Conduct,,Yes-Minor,Personal Impact-Knee Strikes/Empty Hand Controls,,,,Active Resistance Assaultive/Grabbded Officer's Duty Weapon While Taken Into Custody,To Effect Arrest/Defend Self,,
15RL12640,Officer,34,White ,M,,2015-12-08,35,Black,M,Family Fight/Disorderly Conduct,Violation of Abuse Prevention Order/ Disorderly Conduct,,Yes-Minor,Empty Hand Controls ,,,,Active Resistance/Assaultive,To Effect Arrest/Defend Another Officer,,
15RL12640,Officer,24,White ,M,,2015-12-08,35,Black,M,Family Fight/Disorderly Conduct,Violation of Abuse Prevention Order/ Disorderly Conduct,,Yes-Minor,Empty Hand Controls,,,,Active Resistance/Assaultive,To Effect Arrest/Defend Another Officer,,
15RL12845,Sergeant ,59,White ,M,,2015-12-15,60,White,M,Suicidal Subject,Protective Custody/Mental Health Evaluation,,,Empty Hand Controls,Yes,,,Active Resistance/Threatened He Was In Possession of Firearm ,To Defend Another Officer/Restrain for Subject's Safety ,,
15RL12845,Officer,24,White ,M,,2015-12-15,60,White,M,Suicidal Subject,Protective Custody/Mental Health Evaluation,,,Empty Hand Controls,Yes,,,Active Resistance/Threatened He Was In Possession of Firearm ,To Defend Another Officer/Restrain for Subject's Safety ,,
15RL12845,Officer,37,White ,M,,2015-12-15,60,White,M,Suicidal Subject,Protective Custody/Mental Health Evaluation,,,Empty Hand Controls,Yes,,,Active Resistance/Threatened He Was In Possession of Firearm ,To Defend Another Officer/Restrain for Subject's Safety ,,
15RL12926,Corporal,28,Asian ,M,,2015-12-17,22,White,M,Armed Residential Robbery w/ Firearm,N/A Vehicle Identified by Witness as Involved/Investigation Determined Operator Not Involved,,,Firearms Display/Empty Hand Controls,,,,Non-Verbal Compliance,To Effect Investigative Detention ,,
15RL12926,Officer,34,White ,M,,2015-12-17,22,Black,M,Armed Residential Robbery w/ Firearm,Assault and Robbery,,,Firearms Display,,,Handgun,Non-Verbal Compliance,To Effect Felony Arrest,,
15RL12926,Officer,34,White ,M,,2015-12-17,20,White,M,Armed Residential Robbery w/ Firearm,Assault and Robbery,,,Friearms Display/Empty Hand Controls,,,,Non-Verbal Compliance,To Effect Felony Arrest,,
15RL12926,Officer,24,White ,M,,2015-12-17,22,Black,M,Armed Residential Robbery w/ Firearm,Assault and Robbery,,,Empty Hand Controls,,,Handgun,Non-Verbal Compliance,To Effect Felony Arrest,,
15RL12926,Sergeant,48,White,M,,2015-12-17,22,Black,M,Armed Residential Robbery w/ Firearm,Assault and Robbery,,,Empty Hand Controls,,,Handgun,Non-Verbal Compliance,To Effect Felony Arrest,,
15RL12977,Sergeant ,54,White ,M,,2015-12-19,33,White ,M,Aggravated  Assault w/ Firearm,Aggravated Assault/Assist to VSP w/ Shooting Incident ,,,Firearms Display,,,,,Officer Safety,,
15RL13026,Officer,28,White ,F ,,2015-12-21,29,White ,M,Disorderly Conduct,Protective Custody/Mental Health Evaluation,,,Empty Hand Controls,Yes,,,Active Resistance/Assaultive,Restrain for Subject's Safety,,
15RL13026,Officer,27,White ,M,,2015-12-21,29,White ,M,Disorderly Conduct,Protective Custody/Mental Health Evaluation,,,Empty Hand Controls,Yes,,,Active Resistance/Assaultive,Restrain for Subject's Safety,,
15RL13180,Officer,29,White ,M,,2015-12-26,30,White ,M,Aggravated Assault,Aggravated Assault,,,Firearms Display,,,Handgun,Subject in Possession of Handgun ,To Effect Felony Arrest,,
15RL13180,Officer,34,White ,M,,2015-12-26,30,White ,M,Aggravated Assault,Aggravated Assault,,,Firearms Display,,,Handgun,Subject in Possession of Handgun ,To Effect Felony Arrest,,
15RL13231,Officer,25,White ,M,,2015-12-28,21,White ,M,Citizen Dispute ,N/A Investigative Detention ,,,Firearms Display,,,,Felony Motor Vehicle Stop/Officer Safety ,Officer Safety,,
15RL13231,Officer,25,White ,M,,2015-12-28,41,White ,F,Citizen Dispute ,N/A Investigative Detention ,,,Firearms Display,,,,Felony Motor Vehicle Stop/Officer Safety ,Officer Safety,,
15RL13231,Officer,34,White ,M,,2015-12-28,32,White ,F,Citizen Dispute ,N/A Investigative Detention ,,,Firearms Display,,,,Felony Motor Vehicle Stop/Officer Safety ,Officer Safety,,
15RL13231,Officer,30,White ,F ,,2015-12-28,48,White ,F,Citizen Dispute ,N/A Investigative Detention ,,,Firearms Display,,,,Felony Motor Vehicle Stop/Officer Safety ,Officer Safety,,
15RL13315,Officer,32,Hispanic,M,,2015-12-31,16,White,M,Family Fight/Reported Threatening w/ a Knife,N/A-Reported to DCF and Rutland Mental Health ,,,Firearms Display,,,Knife,Subject in Possession of Knife,Officer Safety/Defend-Self-Other-Another Officer,,
15RL13315,Officer,26,White ,M,,2015-12-31,16,White,M,Family Fight/Reported Threatening w/ a Knife,N/A-Reported to DCF and Rutland Mental Health ,,,Firearms Display,,,Knife,Subject in Possession of Knife,Officer Safety/ Defend Self-Other-Another Officer ,,
16RL00006,Corporal,28,Asian,M,Primary,2016-01-01,35,Black,M,Assault ,N/A Investigative Detention ,,,CEW Display,,Yes,,Active Resistance,Investigative Detention/Officer Safety,Appropriate RTR,
16RL00273,Officer,26,White,M,Primary,2016-01-11,21,White,M,DUI,DUI/Resisting Arrest,,,Empty Hand Controls,,Yes,,Active Resistance,To Effect Misdemeanor Arrest,Appropriate RTR,
16RL00273,Corporal,28,Asian,M,Assisting ,2016-01-11,21,White,M,DUI,DUI/Resisting Arrest,,,Empty Hand Controls,,Yes,,Active Resistance,To Effect Misdemeanor Arrest,Appropriate RTR,
16RL00457,Officer,26,White,M,Assisting ,2016-01-16,23,White,F,Burglary Alarm/Mental Health Issue,Mental Health Assesment ,,,CEW Display,Yes,,Threatened Officers w/ Pencil and Flower Vase,Active Resistance,Subject's Safety and Defend Another Officer,Appropriate RTR,
16RL00457,Officer,29,White,M,Assisting ,2016-01-16,23,White,F,Burglary Alarm/Mental Health Issue,Mental Health Assesment ,,,Empty Hand Controls,Yes,,Threatened Officers w/ Pencil and Flower Vase,,Restrain for Subject's Safety,Appropriate RTR,
16RL00457,Officer,34,White,M,Primary,2016-01-16,23,White,F,Burglary Alarm/Mental Health Issue,Mental Health Assesment ,,,Empty Hand Controls,Yes,,Threatened Officers w/ Pencil and Flower Vase,,Restrain for Subject's Safety,Appropriate RTR,
16RL00634,Corporal,32,White,M,Assisting ,2016-01-22,64,White,M,Welfare Check/Suicidal Subject,Mental Health Assesment ,,Yes-Self Inflicted ,Firearms Display,Yes,Yes,Handgun,Psychological Intimidation/Armed w/ Handgun ,Officer Safety/ Defend Self and Another Officer,Appropriate RTR,
16RL00634,Officer,28,White,M,Assisting ,2016-01-22,64,White,M,Welfare Check/Suicidal Subject,Mental Health Assesment ,,Yes-Self Inflicted ,Firearms Display,Yes,Yes,Handgun,Psychological Intimidation/Armed w/ Handgun ,Officer Safety/ Defend Self and Another Officer,Appropriate RTR,
16RL00634,Officer,29,White,M,Assisting ,2016-01-22,64,White,M,Welfare Check/Suicidal Subject,Mental Health Assesment ,,Yes-Self Inflicted ,Firearms Display,Yes,Yes,Handgun,Psychological Intimidation/Armed w/ Handgun ,Officer Safety/ Defend Self and Another Officer,Appropriate RTR,
16RL00634,Officer,25,White,M,Assisting ,2016-01-22,64,White,M,Welfare Check/Suicidal Subject,Mental Health Assesment ,,Yes-Self Inflicted ,Firearms Display,Yes,Yes,Handgun,Psychological Intimidation/Armed w/ Handgun ,Officer Safety/ Defend Self and Another Officer,Appropriate RTR,
16RL00634,Officer,26,White,M,Assisting ,2016-01-22,64,White,M,Welfare Check/Suicidal Subject,Mental Health Assesment ,,Yes-Self Inflicted ,Firearms Display,Yes,Yes,Handgun,Psychological Intimidation/Armed w/ Handgun ,Officer Safety/ Defend Self and Another Officer,Appropriate RTR,
16RL01088,Corporal,52,White,M,Primary,2016-02-06,60,White,M,Welfare Check/Suicidal Subject,Mental Health Assesment ,,Yes-Self Inflicted ,CEW Deployment ,Yes,Yes,Multiple Knives,Verbal Non-Compliance,Restrain for Subject's Safety/Officer Safety ,Appropriate RTR,
16RL01210,Officer,29,White,M,Primary,2016-02-10,26,White,M,Motor Vehicle Pursuit/Violation of Conditions,Violation of Conditions of Release/Attempting to Elude a Police Officer,,,Firearms Display,Yes,,,Attempted to Flee from Police/ Passive Resistance,Officer Safety/To Effect Misdemeanor Arrest,Appropriate RTR,
16RL01210,Officer,25,White,M,Assisting ,2016-02-10,26,White,M,Motor Vehicle Pursuit/Violation of Conditions,Violation of Conditions of Release/Attempting to Elude a Police Officer,,,Empty Hand Controls,Yes,,,Attempted to Flee from Police/ Passive Resistance,Officer Safety/To Effect Misdemeanor Arrest,Appropriate RTR,
16RL01127,Officer,40,White,M,Primary,2016-02-08,44,White,M,Violation of Abuse Prevention Order,Violation of Abuse Prevention Order,,Yes-Minor,Empty Hand Controls/Personal Impact-Hadn Strikes,,Yes,,Active Resistance,To Effect Felony Arrest ,Appropriate RTR,
16RL01127,Sergeant,49,White,M,Assisting ,2016-02-08,44,White,M,Violation of Abuse Prevention Order,Violation of Abuse Prevention Order,,,Empty Hand Controls,,Yes,,Active Resistance,To Effect Felony Arrest ,Appropriate RTR,
16RL01130,Officer,29,White,F,Primary,2016-02-08,26,White,M,Wanted Subject/Arrest Warrant,Arrest Warrant/Eluding Police/Resisting Arrest,,,Empty Hand Controls,Yes,,,Active Resistance/Fled from Police,To Effect Arrest,Appropriate RTR,
16RL01509,Corporal,35,White,M,Primary,2016-02-22,32,White,F,Simple Assault/Unlawful Mischief ,SimpleAssault/Unlawful Mischief/Assault on a Police Officer,Assisting Officer Assaulted w/ Bodily Fluids ,,Empty Hand Controls,Yes,,,Assaultive-Attempted to Strike Primary Officer w/ Closed Fist,To Defend Self/To Effect Misdemeanor Arrest,Appropriate RTR,
16RL01509,Sergeant,39,White,M,Assisting ,2016-02-22,32,White,F,Simple Assault/Unlawful Mischief ,SimpleAssault/Unlawful Mischief/Assault on a Police Officer,Assisting Officer Assaulted w/ Bodily Fluids ,,Empty Hand Controls,Yes,,,Assaultive-Attempted to Strike Primary Officer w/ Closed Fist,To Defend Another Officer/To Effect Misdemeanor Arrest,Appropriate RTR,
16RL01651,Sergeant,49,White,M,Assisting ,2016-02-26,28,White,M,Reported Weapon Offense,Disorderly Conduct,,,Firearms Display/High Risk Stop ,,Yes,Handgun,Active Resistance,To Effect Investigative Detention/Officer Safety,Appropriate RTR,
16RL01651,Officer,40,White,M,Assisting ,2016-02-26,28,White,M,Reported Weapon Offense,Disorderly Conduct,,,Firearms Display/High Risk Stop ,,Yes,Handgun,Active Resistance,To Effect Investigative Detention/Officer Safety,Appropriate RTR,
16RL01651,Officer,26,White,M,Assisting ,2016-02-26,28,White,M,Reported Weapon Offense,Disorderly Conduct,,,Firearms Display/High Risk Stop ,,Yes,Handgun,Active Resistance,To Effect Investigative Detention/Officer Safety,Appropriate RTR,
16RL01651,Officer,30,White,F,Primary,2016-02-26,28,White,M,Reported Weapon Offense,Disorderly Conduct,,,Firearms Display/High Risk Stop ,,Yes,Handgun,Active Resistance,To Effect Investigative Detention/Officer Safety,Appropriate RTR,
16RL01922,Officer,40,White,M,Primary,2016-03-07,29,White,M,Unlawful Mischief,Unlawful Mischief/Resisting Arrest,,,Firearms Display/CEW Deployment,Yes,,2 Handguns and Edged Weapons,Active Resistance,To Effect Arrest/Officer Safety ,Appropriate RTR,
16RL01922,Officer,26,White,M,Assisting ,2016-03-07,29,White,M,Unlawful Mischief,Unlawful Mischief/Resisting Arrest,,,Firearms Display/Empty Hand Controls,Yes,,2 Handguns and Edged Weapons,Active Resistance,To Effect Arrest/Officer Safety ,Appropriate RTR,
16RL01922,Corporal,28,Asian,M,Assisting ,2016-03-07,29,White,M,Unlawful Mischief,Unlawful Mischief/Resisting Arrest,,,Firearms Display/Empty Hand Controls,Yes,,2 Handguns and Edged Weapons,Active Resistance,To Effect Arrest/Officer Safety ,Appropriate RTR,
16RL02026,Corporal,32,White,M,Primary,2016-03-10,17,White,M,Burglary,Burglary 3 Counts ,,,Firearms Display/Empty Hand Controls,,Yes,,Verbal Non-Compliance/Passive Resistance ,Officer Safety/To Effect Arrest,Appropriate RTR,
16RL02427,Officer,29,White,F,Primary,2016-03-24,24,White,M,Disorderly Conduct,Unlawful Mischief/Disorderly Conduct,,,CEW Display,Yes,,Wooden Stake,Active Resistance ,To Defend Self/To Effect Misdemeanor Arrest,Appropriate RTR,
16RL02530,Sergeant,54,White,M,Primary,2016-03-28,23,White,M,Disorderly Conduct/Gross Negligent Operation ,Disorderly Conduct/Gross Negligent Operation ,,,Firearms Display,,,,Assaultive ,To Defend Another Person/ To Effect Arrest,Appropriate RTR,
16RL02521,Officer,32,Hispanic,M,Primary,2016-03-27,44,White,F,Theft ,Disorderly Conduct,,Yes-Minor,Empty Hand Controls,,,,Active Resistance/Assaultive,To Effect Arrest,Appropriate RTR,
16RL02480,Corporal,28,Asian,M,Primary,2016-03-26,26,White,M,Citizen Dispute/Fight ,Aggravated Assault/Reckless Endangerment/Disorderly Conduct,,,Firearms Display,,Yes,Chainsaw,Deadly Force,To Defend Self/To Defend Another/To Effect Arrest,Appropriate RTR,
16RL02480,Officer,26,White,M,Assisting ,2016-03-26,26,White,M,Citizen Dispute/Fight ,Aggravated Assault/Reckless Endangerment/Disorderly Conduct,,,Firearms Display,,Yes,Chainsaw,Deadly Force,To Defend Self/To Defend Another/To Effect Arrest,Appropriate RTR,
16RL02480,Officer,40,White,M,Assisting ,2016-03-26,26,White,M,Citizen Dispute/Fight ,Aggravated Assault/Reckless Endangerment/Disorderly Conduct,,,CEW Display,,Yes,Chainsaw,Deadly Force,To Defend Self/To Defend Another/To Effect Arrest,Appropriate RTR,
16RL02480,Officer,30,White,F,Assisting ,2016-03-26,26,White,M,Citizen Dispute/Fight ,Aggravated Assault/Reckless Endangerment/Disorderly Conduct,,,CEW Display,,Yes,Chainsaw,Deadly Force,To Defend Self/To Defend Another/To Effect Arrest,Appropriate RTR,
16RL02480,Corporal,28,Asian,M,Primary,2016-03-26,27,White,M,Citizen Dispute/Fight ,Disorderly Conduct,,,Firearms Display,,Yes,Metal Pipe,Assaultive ,To Defend Self/To Defend Another/To Effect Arrest,Appropriate RTR,
16RL02480,Officer,26,White,M,Assisting ,2016-03-26,27,White,M,Citizen Dispute/Fight ,Disorderly Conduct,,,Firearms Display,,Yes,Metal Pipe,Assaultive ,To Defend Self/To Defend Another/To Effect Arrest,Appropriate RTR,
16RL02480,Officer,40,White,M,Assisting ,2016-03-26,27,White,M,Citizen Dispute/Fight ,Disorderly Conduct,,,CEW Display,,Yes,Metal Pipe,Assaultive ,To Defend Self/To Defend Another/To Effect Arrest,Appropriate RTR,
16RL02480,Officer,30,White,F,Assisting ,2016-03-26,27,White,M,Citizen Dispute/Fight ,Disorderly Conduct,,,CEW Display,,Yes,Metal Pipe,Assaultive ,To Defend Self/To Defend Another/To Effect Arrest,Appropriate RTR,
16RL03468,Officer,29,White,M,Primary,2016-04-25,29,White,F,Arrest Warrant ,Arrest Warrant/Resisting Arrest/Violation of Release Conditions,,Yes,Empty Hand Controls,,,,Active Resistance ,To Effect Arrest ,Appropriate RTR,
16RL03781,Officer,27,White,M,Primary,2016-05-04,32,White,F,Theft ,,,,Empty Hand Controls,,,,Active Resistance,To Effect Investigative Detention ,Appropriate RTR,
16RL04078,Officer,37,White,M,Primary,2016-05-12,20,Asian,M,Wanted Subject/Drug Complaint ,Arrest on Warrant/Wanted Subject ,,Yes/Subject Sustained Minor Injuries ni the Course of Fleeing from Police,CEW Deployment ,,,,Active Resistance/Ran from Officer to Avoid Arrest,To Effect Arrest ,Appropriate RTR,
16RL04927,Officer,25,White,M,Primary,2016-06-04,19,Black,F,Suicidal Subject/Attempt Call ,Impeding a Police Officer/Disorderly Conduct/Resisting Arrest,,Yes-Minor,Empty Hand Controls,N/A Subject Arrested Interfered w/ Rescue/Police Assistance to Suicidal Subject ,,,Active Resistance,To Effect Arrest,Appropriate RTR,
16RL04927,Sergeant,60,White,M,Assisting ,2016-06-04,19,Black,F,Suicidal Subject/Attempt Call ,Impeding a Police Officer/Disorderly Conduct/Resisting Arrest,,Yes-Minor,Empty Hand Controls,N/A Subject Arrested Interfered w/ Rescue/Police Assistance to Suicidal Subject ,,,Active Resistance,To Effect Arrest,Appropriate RTR,
16RL04927,Officer,26,White,M,Assisting ,2016-06-04,19,Black,F,Suicidal Subject/Attempt Call ,Impeding a Police Officer/Disorderly Conduct/Resisting Arrest,,Yes-Minor,Empty Hand Controls,N/A Subject Arrested Interfered w/ Rescue/Police Assistance to Suicidal Subject ,,,Active Resistance,To Effect Arrest,Appropriate RTR,
16RL05772,Corporal,26,White,M,Primary,2016-06-27,49,White,M,Welfare Check/ IncompacitatedSubject,N/A  Protective Custody/ Incapacitated,,,Empty Hand Controls,,Yes,,Active Resistance,To Defend Self/ Restrain for Subject safety,Appropriate RTR,
16RL05986,Officer,34,White,M,Primary,2016-06-30,31,White,F,Welfare Check / subject trying to hurt self with knife,N/A Mental Health Assessment,,,Firearm Display/Emptyhand control,Yes,Yes,Had Knife and discarded it prior to police arrival,Active/Assaultive Resistance,To Defend Self/Restrain for Subj/Ofc safety,Appropriate RTR,
16RL05986,Officer,25,White,M,Assisting ,2016-06-30,31,White,F,Welfare Check/ subject trying to hurt self with knife,N/A Mental Health Assessment,,,CEW Display,Yes,Yes,Had Knife and discarded it prior to police arrival,Active/Assaultive Resistance,To Defend Self/Restrain for Subj/Ofc safety,Appropriate RTR,
16RL06315,Officer,30,White,F,Primary,2016-07-09,26,White,M,Welfare Check/ Subj jumping in front of vehicles,N/A Mental Health Assessment/ Alcohol/drugs,,,Empty Hand Controls,Yes,Yes,,Active/Assaultive Resistance,To Restrain for Subj safety/ Ofc Safety,Appropriate RTR,
16RL06315,Sergeant,45,White,M,Assisting ,2016-07-09,26,White,M,Welfare Check/Subject jumping in front of vehicles,N/A Mental Health Assessment/Alcohol/drugs,Yes,,Empty Hand Controls,Yes,Yes,,Active/Assaultive Resistance,To Restrain for Subj safety/ Ofc Safety,Appropriate RTR,
16RL06348,Officer,26,White,M,Assisting ,2016-07-09,28,White,M,Citizen Dispute/Fight ,Disorderly Conduct/ Assault on LE,Yes,Yes-Minor,Empty Hand Controls,,Yes,,Active Resistance/ Assaultive,To Effect Arrest/ Assist other agency,Appropriate RTR,
16RL06717,Corporal,26,White,M,Primary,2016-07-20,28,White,F,Felony Theft,Larceny From Person,,,Empty Hand Controls,,Yes,,Active Resistance,To Effect Arrest,Appropriate RTR,
16RL07004,Corporal,32,White,M,Assisting ,2016-07-27,27,White,F,Noise Disturbance/ Wanted Subject,Impeding a Police Officer/ Hindering Arrest,,,Firearm Display,,Yes,,Active Resistance,To Effect Arrest/ Officer Safety,Appropriate RTR,
16RL07004,Officer,34,White,M,Primary,2016-07-27,27,White,F,Noise Disturbance/ Wanted Subject,Impeding a Police Officer/ Hindering Arrest,,,Firearm Display/Emptyhand control,,Yes,,Active Resistance,To Effect Arrest/Officer Safety ,Appropriate RTR,
16RL07004,Corporal,32,White,M,Assisting ,2016-07-27,28,White,M,Noise Disturbance/ Wanted Subject,Arrest Warrant,,,Firearm Display/Emptyhand control,,Yes,,Active Resistance,To Effect Arrest/Officer Safety ,Appropriate RTR,
16RL07004,Officer,34,White,M,Primary,2016-07-27,28,White,M,Noise Disturbance/ Wanted Subject,Arrest warrant,,,Firearm Display,,Yes,,Active Resistance,To Effect Arrest/Officer Safety ,Appropriate RTR,
16RL07004,Officer,34,White,M,Primary,2016-07-27,24,White,M,Noise Disturbance/ Wanted Subject,,,,Firearm Display/Emptyhand control,,Yes,,Active Resistance,To Effect Arrest/Officer Safety ,Appropriate RTR,
16RL07004,Corporal,32,White,M,Assisting ,2016-07-27,24,White,M,Noise Disturbance/ Wanted Subject,,,,Firearm Display,,Yes,,Active Resistance,To Effect Arrest/Officer Safety ,Appropriate RTR,
16RL07004,Officer,25,White,M,Assisting ,2016-07-27,24,White,M,Noise Disturbance/ Wanted Subject,,,,Emptyhand Control,,Yes,,Active Resistance,To Effect Arrest/Officer Safety ,Appropriate RTR,
16RL07004,Officer,25,White,M,Assisting ,2016-07-27,28,White,M,Noise Disturbance/ Wanted Subject,,,,Emptyhand Control,,Yes,,Active Resistance,To Effect Arrest/Officer Safety ,Appropriate RTR,
16Rl08672,Officer,34,White,M,Primary,2016-09-07,33,White,F,Family Fight,Assault on LE/ Unlawful Mischief,Yes,,Emptyhand Control,Yes,Yes,,Active/Assaultive Resistance,To Effect Arrest/To Restrain for Subj. Safety,Appropriate RTR,
16RL08970,Officer,27,White,M,Primary,2016-09-15,30,White,M,Family Fight,Hindering Arrest/ Resisting Arrest,,Yes-Minor,Empty Hand Control,,,,Active Resistance,To Defend self/ Effect Arrest,Appropriate RTR,
16RL08970,Officer,29,White,M,Assisting ,2016-09-15,30,White,M,Family Fight,Hindering Arrest/ Resisting Arrest,,Yes-Minor,Impact weapon,,,,Active Resistance,To Defend self/ Effect Arrest,Appropriate RTR,
16RL09647,Officer,29,White,F,Primary,2016-10-03,25,White,F,Wanted person,Arrest on Warrant/Wanted Subject ,,,Emptyhand Control,,,,Active Resistance,To Effect Arrest,Appropriate RTR,
16RL09895,Officer,26,White,M,Primary,2016-10-10,44,White,M,Welfare check/Pursuit/DUI,DUI/ ATE/False Reports/Agg Dom Assault/,,,Firearm Display,,Yes,,Active Resistance,To Effect Arrest/Officer Safety ,Appropriate RTR,
16RL09895,Officer,34,White,M,Assisting ,2016-10-10,44,White,M,Welfare check/Pursuit/DUI,DUI/ ATE/False Reports/Agg Dom Assault/,,,Firearm Display,,Yes,,Active Resistance,Te Effect Arrest/Officer Safety,Appropriate RTR,
16RL10620,Officer,34,White,M,Assisting ,2016-11-01,53,White,F,Citizen Assist/ Intox subject,Disorderly Conduct/ Assault on LE,Yes,Yes-Minor,Emptyhand Control,Yes,Yes,,Active/Assaultive Resistance,To Defend officer/Effect Arrest,Appropriate RTR,
16RL10655,Officer,34,White,M,Primary,2016-11-03,26,White,M,Citizen Assist/ Intox subject,Pending upon apprehension/ DC/Assault on LE,,,Emptyhand Control/CEW Deploy,,Yes,,Active/Assaultive Resistance,To Defend self/ Effect Arrest,Appropriate RTR,
16RL10841,Officer,29,White,M,Assisting ,2016-11-08,27,White,M,Suicidal Subject/ possibly armed,,,,Firearm Display,Yes,Yes,Knives on person,Psychological Intimidation/ concealed his arm from police,To Defend Self,Appropriate RTR,
16RL10871,Officer,27,White,M,Primary,2016-11-10,45,White,M,Threatening,,,Yes-Minor,Emptyhand Controls,Yes,Yes,,Active Resistance,To Defend self and others,Appropriate RTR,
16RL10871,Officer,29,White,M,Assisting ,2016-11-10,45,White,M,Threatening,,,Yes-Minor,Emptyhand Controls,Yes,Yes,,Active Restistance,To Defend self and others,Appropriate RTR,
16RL11681,Officer,25,White,M,Primary,2016-12-08,20,White,M,Violation of Abuse Prevention Order,Viol APO/ Assault on Police Officer,Yes,,Emptyhand controls/ strikes,,Yes,Knife on person,Active Restistance/ Assaultive,To Defend Self,Appropriate RTR,
16RL11935,Corporal,34,White,M,Assisting ,2016-12-17,61,White,M,Threatening/ DC,Disorderly Conduct,,,CEW Deployment ,Yes,Yes,Knife ,Deadly Force,To Defend self and others,Appropriate RTR,
17RL00400,Officer,35,White,M,Primary,2017-01-15,48,White,M,DUI#3/DLS/ATE/FIPO/Resist Arrest/ Habitual Offender,DUI#3/DLS/ATE/Fipo/Resist Arrest/ Hab Off,,,CEW Display,,Yes,,Assaultive,To Effect Arrest,Appropriate RTR, 
17RL00400,Officer,30,White,M,Assist,2017-01-15,48,White,M,DUI#3/DLS/ATE/FIPO/Resist Arrest/ Habitual Offender,DUI#3/DLS/ATE/Fipo/Resist Arrest/ Hab Off,,,Restrained on Ground/Trunk,,Yes,,Assaultive,To Defend Self,Appropriate RTR, 
17RL00415,Officer,30,White,M,Assist,2017-01-15,37,White,M,Burglary,Burglary,,,Active Pointing of Firearm,,,,In Act of commiting Burglary,To Effect Arrest,Appropriate RTR,
17RL00415,Officer,26,White,M,Primary,2017-01-15,31,White,M,Burglary/ Resisting Arrest,Burglary/ Resisting Arrest,Yes,,CEW Display/ Impact Weapon,,Yes,,Active Resistance,To Effect Arrest,Appropriate RTR,
17RL00610,Officer,41,White,M,Assist,2017-01-22,35,White,M,Agg Disorderly Conduct,Agg Disorderly Conduct,,,Empty Hand Controls,Yes,Yes,,Active Resistance,To Defend self and Subject,Appropriate RTR,
17RL00610,Officer,35,White,M,Assist,2017-01-22,35,White,M,Agg Disorderly Conduct,Agg Disorderly Conduct,,,Empty Hand Controls,Yes,Yes,,Active Resistance,To Defend sel and Subject,Appropriate RTR,
17RL00610,Corporal,27,White,M,Assist,2017-01-22,35,White,M,Agg Disorderly Conduct,Agg Disorderly Conduct,,,Empty Hand Controls,Yes,Yes,,Active Resistance,To Defend self and Subject,Appropriate RTR,
17RL00658,Officer,26,White,M,Assist,2017-01-23,46,White,M,ATE/ MV Pusuit,ATE,,,CEW Display,,Yes,,Active Resistance/ Fleeing,To Effect Arrest,Appropriate RTR,
17RL00781,Officer,35,White,M,Primary,2017-01-27,16,White,M,Assault on LE/ Resisting Arrest,Assault on LE/ Resisting Arrest,,,Empty Hand Controls,Yes,,,Assaultive Resistance,To Defend Self/ To Make Arrest,Appropriate RTR,
17RL00781,Officer,25,White,M,Assist,2017-01-27,16,White,M,Assault on LE/ Resisting Arrest,Assault on LE/ Resisting Arrest,Yes,,Empty Hand Controls,Yes,,,Assaultive Resistance,To Defend Self/ To Make Arrest,Appropriate RTR,
17RL02154,Officer,30,White,M,Primary,2017-03-12,24,White,M,DUI/ ATE,DUI/ATE,,,Active Pointing of Firearm,,Yes,,Active Resistance/ Fleeing,Officer safety/ To Effect Arrest,Appropriate RTR,
17RL02211,Corporal,27,White,M,Assist,2017-03-13,18,Black,F,Subject inside room with a firearm,,,,Active Pointing of Firearm,,,,Verbal Non-Compliance,Officer Safety,Appropriate RTR,
17RL02211,Officer,26,White,M,Primary,2017-03-13,18,Black,F,Subject inside room with a firearm,,,,Active Pointing of Firearm,,,,Verbal Non-Compliance,Officer Safety,Appropriate RTR,
17RL02212,Officer,26,White,M,Primary,2017-03-13,29,White,F,Veh fled from reported possible att murder/ Felony MV stop,Assault ,,,Active Pointing of Firearm,,,,Active Resistance ,Officer Safety,Appropriate RTR,
17RL02212,Corporal,27,White,M,Assist,2017-03-13,29,White,F,Veh fled from reported possible att murder/ Felony MV stop,Assault,,,Active Pointing of Firearm,,,,Active Resistance,Officer Safety,Appropriate RTR,
17RL02212,Officer,36,White,M,Assist,2017-03-13,29,White,F,Veh fled from reported possible att murder/ Felony MV stop,Assault,,,Active Pointing of Firearm,,,,Active Resistance,Officer Safety,Appropriate RTR,
17RL02212,Officer,30,White,M,Assist,2017-03-13,29,White,F,Veh fled from reported possible att murder/ Felony MV stop,Assault,,,Active Pointing of Firearm,,,,Active Resistance,Officer Safety,Appropriate RTR,
17RL02698,Officer,26,White,F,Primary,2017-03-30,29,White,F,Dom Assault/ agg DC/assault on LE,Dom Assault/Agg DC/ Assault on LE,,Yes,Strikes Legs and Stomach,,Yes,,Assaultive Resistance,To Defend Self/ To Make Arrest,Appropriate RTR,
17RL02698,Officer,30,White,F,Assist,2017-03-30,29,White,F,Dom Assault/ agg DC/assault on LE,Dom Assault/Agg DC/ Assault on LE,,Yes,Strikes Legs and Stomach,,Yes,,Assaultive Resistance,To Defend Self/ To Make Arrest,Appropriate RTR,
17RL03233,Officer,26,White,M,Primary,2017-04-14,36,Black,M,Burglary in Progress,DC/ Dom assault ,,,Strikes Rib area/ CEW and FA disp,,Yes,,Active Resistance,Officer safety/ to effect Investigation,Appropriate RTR,
17RL03233,Officer,30,White,M,Assist,2017-04-14,36,Black,M,Burglary in Progress,DC/ Dom assault ,,,Strikes Rib area/ CEW and FA disp,,Yes,,Active Resistance,Officer safety/ to effect Investigation,Appropriate RTR,
17RL07183,Officer,42,White,M,Primary,2017-07-20,24,White,M,Assault,Assault,,,Empty Hand Control/ Legs shackle,,Yes,,Active Resistence Kicking at Cell Door,Officer Safety/ Restrain Subject for safety,Appropriate RTR,
17RL07183,Officer,26,White,M,Assist,2017-07-20,24,White,M,Assault,Assault,,,Empty Hand Control/ Legs shackle,,Yes,,Active Resistence Kicking at Cell Door,Officer Safety/ Restrain Subject for safety,Appropriate RTR,
17RL07183,Officer,23,White,M,Assist,2017-07-20,24,White,M,Assault,Assault,,,Empty Hand Control/ Legs shackle,,Yes,,Active Resistence Kicking at Cell Door,Officer Safety/ Restrain Subject for safety,Appropriate RTR,
17RL07183,Corporal,27,White,M,Assist,2017-07-20,24,White,M,Assault,Assault,,,Empty Hand Control/ Legs shackle,,Yes,,Active Resistence Kicking at Cell Door,Officer Safety/ Restrain Subject for safety,Appropriate RTR,
17RL07666,Officer,26,White,M,Assist,2017-07-31,46,White,M,Aggravated Assault,Agg Dom Assault/Agg Assault/ VCR,,,CEW Display,,Yes,Yes,Assaultive,Officer Safety/ To defend others/ Arrest,Appropriate RTR,
17RL07832,Officer,29,White,M,Primary,2017-08-08,32,White,M,Assault and Robbery/ Wanted subject,Assault and Robbery,,,Active Pointing of Firearm,,,,Active Resistance,To Effect Arrest,Appropriate RTR,
17RL07832,Officer,29,White,M,Primary,2017-08-08,34,White,F,Impeding Police,Impeding Police,,Yes,Empty Hand Controls,,,,Active Resistance,To Effect Arrest,Appropriate RTR,
17RL09151,Officer,29,White,M,Assist,2017-09-05,31,White,M,Family Fight,Unlawful Restraint/DC/Cruelty children,,Yes,Empty Hand Controls,Yes,Yes,Yes,Verbal Non-Compliance,Officer Safety/To defend another,Appropriate RTR,
17RL09180,Officer,29,White,M,Assist,2017-09-06,29,White,F,Family Fight,Impeding PO/ Hindering,,,Empty Hand Controls,,,,Active Reststance,Officer Safety/ To effect arrest,Appropriate RTR,
17RL09180,Officer,29,White,M,Primary,2017-09-06,34,Black,M,Family Fight,Agg Domestic Assault/ Resisting/ VCR,,,Empty Hand Controls,,,,Active Resistance,To Effect Arrest,Appropriate RTR,
17RL09446,Officer,29,White,M,Primary,2017-09-14,43,White,M,Family Fight/ Reported Gunshots,,,,Active Pointing of Firearm,,,,reported as Deadly Force,Officer Safety/ To effect an Invest Detention,Appropriate RTR,
17RL09446,Officer,29,White,M,Assist,2017-09-14,43,White,M,Family Fight/ Reported Gunshots,,,,Restrained/ handcuffed,,,,reported as Deadly Force,Officer Safety/ To effect an Invest Detention,Appropriate RTR,
17RL10003,Officer,34,Hispanic,M,Primary,2017-09-28,42,White,M,Intoxicated Subject,Incapped,,,Empty Hand Controls,,Yes,,Active Resistance,Officer Safety/ Restrain for Subj Safety,Appropriate RTR,
17RL10095,Officer,34,Hispanic,M,Primary,2017-10-01,51,White,M,Eluding Police,Eluding a Police Officer,,,Empty Hand Controls/Point Firearm,,,,Verbal Non-Compliance,Officer Safety/To effect arrest,Appropriate RTR,
17RL10247,Officer,20,White,M,Assist,2017-10-07,35,White,M,Family Fight,Domestic Assault,,,Active Pointing of Firearm/ EHC,Yes,,Yes,Assaultive Resistance,To Defend another/ Effect Arrest,Appropriate RTR,
17RL10413,Officer,36,White,M,Primary,2017-10-09,66,White,M,Threatening with firearm,Agg Domestic Assault,,,Active Pointing of Firearm/ EHC,Yes,Yes,Yes,Assaultive Resistance,To Defend self and others,Appropriate RTR,
17RL10413,Officer,26,White,M,Assist,2017-10-09,66,White,M,Threatening with firearm,Agg Domestic Assault,,,Active Pointing of Firearm/ EHC,Yes,Yes,Yes,Assaultive Resistance,To Defend self and others,Appropriate RTR,
17RL10527,Officer,30,Asian,M,Primary,2017-10-13,19,Black,M,Disorderly Subject,,,,Empty Hand Controls,Yes,Yes,,Psychological Intimination ,Officer Safety/ Subjects safety,Appropriate RTR,
17RL10527,Corporal,34,White,M,Assist,2017-10-13,19,Black,M,Disorderly Subject,,yes,,Empty Hand Controls,Yes,Yes,,Psychological Intimination ,Officer Safety/ Subjects safety,Appropriate RTR,
17RL10527,Officer,22,White,M,Assist,2017-10-13,19,Black,M,Disorderly Subject,,,,Empty Hand Controls,Yes,Yes,,Psychological Intimination ,Officer Safety/ Subjects safety,Appropriate RTR,
17RL10871,Officer,36,White,M,Primary,2017-10-24,49,White,F,Noise Disturbance/ Suspicious,,,Yes,Active Pointing of Firearms/EHC,Yes,Yes,Yes,Active Resistance,Officer safety,Appropriate RTR,
17RL10871,Officer,26,White,M,Assist,2017-10-24,49,White,F,Noise Disturbance/ Suspicious,,,Yes,Act Point Fiream/ EHC/ CEW deploy,Yes,Yes,Yes,Active Resistance,Officer safety,Appropriate RTR,
17RL12526,Sergeant,27,White,M,Assist,2017-12-14,22,White,M,Road Rage Incident w/ firearm,Agg Assault,,,Active Pointing of Firearm,,,Yes,Deadly Force,Officer Safety,Appropriate RTR,
17RL12526,Officer,27,White,F,Primary,2017-12-14,22,White,M,Road Rage Incident w/ firearm,Agg Assault,,,Active Pointing of Firearm,,,,Deadly Force,Officer Safety,Appropriate RTR,
17RL12526,Officer,31,White,M,Assist,2017-12-14,22,White,M,Road Rage Incident w/ firearm,Agg Assault,,,Active Pointing of Firearm,,,,Deadly Force,Officer Safety,Appropriate RTR,
17RL12619,Corporal,34,White,M,Primary,2017-12-17,23,White,M,Escapee from DOC/ Assault on LE,Agg Assault(2cts)/ Impeding/Resisting/ Escape,Yes,,Empty Hand Controls/ CEW deploy,,Yes,,Assaultive,To Effect Arrest/ Defend Self,Appropriate RTR,
